代码,名称,今日涨幅
000859,国风新材,10.05
002193,如意集团,10.05
002696,百洋股份,10.04
001258,立新能源,10.03
002951,金时科技,10.03
600722,金牛化工,10.02
002458,益生股份,10.02
603758,秦安股份,10.02
002900,哈三联,10.01
002580,圣阳股份,10.01
002112,三变科技,10.01
002474,榕基软件,10.0
000739,普洛药业,10.0
600326,西藏天路,10.0
002748,世龙实业,9.99
002248,华东数控,9.96
600356,恒丰纸业,9.95
601700,风范股份,9.94
000911,广农糖业,8.79
600267,海正药业,8.62
600784,鲁银投资,7.87
002612,朗姿股份,7.79
002623,亚玛顿,7.59
600230,沧州大化,7.06
002319,乐通股份,6.88
001216,华瓷股份,6.69
000953,河化股份,6.64
600967,内蒙一机,6.55
603331,百达精工,6.43
605599,菜百股份,6.42
002746,仙坛股份,6.14
605007,五洲特纸,6.14
600058,五矿发展,6.1
603808,歌力思,6.09
000812,陕西金叶,6.09
002114,罗平锌电,6.09
000636,风华高科,5.85
000757,浩物股份,5.64
600615,鑫源智造,5.61
603990,麦迪科技,5.51
605218,伟时电子,5.5
600463,空港股份,5.36
002165,红 宝 丽,5.29
002614,奥佳华,5.24
603839,安正时尚,5.21
603727,博迈科,5.2
603029,天鹅股份,5.2
002144,宏达高科,5.15
601827,三峰环境,5.11
600561,江西长运,5.09
603108,润达医疗,5.03
001219,青岛食品,5.03
605158,华达新材,4.96
002879,长缆科技,4.92
600235,民丰特纸,4.77
002302,西部建设,4.73
600379,宝光股份,4.7
002440,闰土股份,4.68
002455,百川股份,4.68
002575,群兴玩具,4.68
002802,洪汇新材,4.63
002645,华宏科技,4.63
603700,宁水集团,4.61
601666,平煤股份,4.59
605138,盛泰集团,4.58
603511,爱慕股份,4.54
000605,渤海股份,4.51
603182,嘉华股份,4.48
000798,中水渔业,4.46
603759,海天股份,4.43
603896,寿仙谷,4.35
000721,西安饮食,4.33
600746,江苏索普,4.33
000782,恒申新材,4.32
603676,卫信康,4.3
002556,辉隆股份,4.29
000533,顺钠股份,4.29
600078,澄星股份,4.25
600916,中国黄金,4.25
603023,威帝股份,4.18
000837,秦川机床,4.17
000702,正虹科技,4.17
603208,江山欧派,4.16
002986,宇新股份,4.15
605122,四方新材,4.14
002890,弘宇股份,4.14
601121,宝地矿业,4.1
000153,丰原药业,4.1
603073,彩蝶实业,4.1
000663,永安林业,4.09
000626,远大控股,4.06
605001,威奥股份,4.03
002678,珠江钢琴,4.03
002451,摩恩电气,4.02
603527,众源新材,4.0
603079,圣达生物,4.0
600097,开创国际,3.98
603995,甬金股份,3.95
600706,曲江文旅,3.95
603330,天洋新材,3.92
002836,新宏泽,3.92
603237,五芳斋,3.91
603168,莎普爱思,3.9
600249,两面针,3.9
002780,三夫户外,3.9
002800,天顺股份,3.89
600128,苏豪弘业,3.89
002661,克明食品,3.87
002833,弘亚数控,3.87
603937,丽岛新材,3.86
002763,汇洁股份,3.86
601958,金钼股份,3.83
002299,圣农发展,3.82
002539,云图控股,3.81
002480,新筑股份,3.79
605177,东亚药业,3.76
605567,春雪食品,3.75
002381,双箭股份,3.75
002207,准油股份,3.74
600969,郴电国际,3.74
603329,上海雅仕,3.73
000548,湖南投资,3.69
000633,合金投资,3.68
600135,乐凯胶片,3.66
002564,天沃科技,3.64
003038,鑫铂股份,3.63
605180,华生科技,3.62
603617,君禾股份,3.59
600123,兰花科创,3.58
003016,欣贺股份,3.57
603982,泉峰汽车,3.57
601233,桐昆股份,3.57
605108,同庆楼,3.56
600493,凤竹纺织,3.55
002999,天禾股份,3.52
000419,通程控股,3.51
605050,福然德,3.5
600287,苏豪时尚,3.47
002817,黄山胶囊,3.47
603057,紫燕食品,3.46
002295,精艺股份,3.45
603022,新通联,3.44
603089,正裕工业,3.44
603282,亚光股份,3.44
002292,奥飞娱乐,3.44
000565,渝三峡Ａ,3.43
601086,国芳集团,3.42
002083,孚日股份,3.41
600403,大有能源,3.41
002508,老板电器,3.41
603693,江苏新能,3.39
002054,德美化工,3.37
000707,双环科技,3.37
603001,奥康国际,3.37
600149,廊坊发展,3.36
000576,甘化科工,3.34
600620,天宸股份,3.34
600689,上海三毛,3.33
002932,明德生物,3.32
002103,广博股份,3.31
600971,恒源煤电,3.31
002209,达 意 隆,3.28
002453,华软科技,3.27
600148,长春一东,3.27
002633,申科股份,3.26
002519,银河电子,3.25
601598,中国外运,3.25
000701,厦门信达,3.24
605500,森林包装,3.21
000558,天府文旅,3.21
002799,环球印务,3.21
600526,菲达环保,3.2
002777,久远银海,3.19
600229,城市传媒,3.19
000529,广弘控股,3.18
600737,中粮糖业,3.18
600251,冠农股份,3.18
600854,春兰股份,3.18
002026,山东威达,3.17
603317,天味食品,3.17
605266,健之佳,3.15
603123,翠微股份,3.14
600158,中体产业,3.12
002159,三特索道,3.12
001239,永达股份,3.09
600638,新黄浦,3.07
600977,中国电影,3.01
002593,日上集团,3.0
601156,东航物流,3.0
603968,醋化股份,2.98
600137,浪莎股份,2.98
002098,浔兴股份,2.98
600051,宁波联合,2.96
603880,南卫股份,2.94
600822,上海物贸,2.94
603055,台华新材,2.93
002205,国统股份,2.92
002097,山河智能,2.9
603086,先达股份,2.9
000612,焦作万方,2.89
605222,起帆电缆,2.88
002136,安 纳 达,2.88
600785,新华百货,2.87
600250,南京商旅,2.87
002274,华昌化工,2.86
605577,龙版传媒,2.84
002186,全 聚 德,2.84
002029,七 匹 狼,2.81
002538,司尔特,2.72
002863,今飞凯达,2.71
600573,惠泉啤酒,2.7
603170,宝立食品,2.69
600444,国机通用,2.68
002363,隆基机械,2.67
000978,桂林旅游,2.66
002476,宝莫股份,2.65
000703,恒逸石化,2.65
603966,法兰泰克,2.65
002648,卫星化学,2.64
002679,福建金森,2.62
002753,永东股份,2.61
600543,莫高股份,2.6
600876,凯盛新能,2.6
001979,招商蛇口,2.56
603712,七一二,2.56
002540,亚太科技,2.55
000856,冀东装备,2.55
002044,美年健康,2.53
000014,沙河股份,2.52
603070,万控智造,2.52
002187,广百股份,2.48
002391,长青股份,2.48
603551,奥普科技,2.47
603136,天目湖,2.47
002022,科华生物,2.46
000789,万年青,2.46
002939,长城证券,2.46
002724,海洋王,2.44
603017,中衡设计,2.43
002454,松芝股份,2.42
601882,海天精工,2.42
000151,中成股份,2.42
002676,顺威股份,2.4
001324,长青科技,2.39
603103,横店影视,2.38
600409,三友化工,2.36
603999,读者传媒,2.36
603028,赛福天,2.35
002918,蒙娜丽莎,2.35
000952,广济药业,2.31
002949,华阳国际,2.31
603289,泰瑞机器,2.3
002116,中国海诚,2.29
001205,盛航股份,2.28
600283,钱江水利,2.28
002059,云南旅游,2.25
600819,耀皮玻璃,2.24
003025,思进智能,2.23
000530,冰山冷热,2.23
603628,清源股份,2.22
600629,华建集团,2.2
605166,聚合顺,2.19
600796,钱江生化,2.18
603660,苏州科达,2.17
603585,苏利股份,2.17
603836,海程邦达,2.17
003000,劲仔食品,2.17
600668,尖峰集团,2.16
600628,新世界,2.15
002331,皖通科技,2.15
600829,人民同泰,2.13
000561,烽火电子,2.11
600768,宁波富邦,2.11
000877,天山股份,2.11
600152,维科技术,2.1
600987,航民股份,2.1
002601,龙佰集团,2.1
600731,湖南海利,2.09
000589,贵州轮胎,2.09
600351,亚宝药业,2.05
002160,常铝股份,2.04
000801,四川九洲,2.02
000919,金陵药业,2.02
600560,金自天正,2.01
603600,永艺股份,1.99
000925,众合科技,1.97
603015,弘讯科技,1.97
002722,物产金轮,1.97
600613,神奇制药,1.96
002877,智能自控,1.95
002228,合兴包装,1.95
603586,金麒麟,1.94
000713,国投丰乐,1.91
600278,东方创业,1.91
603210,泰鸿万立,1.91
603639,海利尔,1.9
002312,川发龙蟒,1.89
603230,内蒙新华,1.88
000680,山推股份,1.88
002293,罗莱生活,1.88
000411,英特集团,1.87
002395,双象股份,1.87
000906,浙商中拓,1.85
002685,华东重机,1.85
600212,绿能慧充,1.85
000833,粤桂股份,1.83
003022,联泓新科,1.83
603209,兴通股份,1.83
600241,时代万恒,1.82
002570,贝因美,1.8
000006,深振业Ａ,1.78
000630,铜陵有色,1.77
603970,中农立华,1.72
600855,航天长峰,1.72
002398,垒知集团,1.71
002950,奥美医疗,1.7
000930,中粮科技,1.7
000519,中兵红箭,1.69
600195,中牧股份,1.68
002333,罗普斯金,1.65
603866,桃李面包,1.64
002522,浙江众成,1.6
002088,鲁阳节能,1.6
002226,江南化工,1.58
601330,绿色动力,1.54
600299,安迪苏,1.54
002598,山东章鼓,1.51
603357,设计总院,1.5
002996,顺博合金,1.44
002893,京能热力,1.44
002449,国星光电,1.41
600538,国发股份,1.32
601163,三角轮胎,1.28
000950,重药控股,1.27
600843,上工申贝,1.27
600955,维远股份,1.26
002774,快意电梯,1.25
002649,博彦科技,1.22
600958,东方证券,1.21
002140,东华科技,1.21
600817,宇通重工,1.18
002227,奥 特 迅,1.13
002170,芭田股份,1.12
002099,海翔药业,1.12
601952,苏垦农发,1.09
600682,南京新百,1.06
601512,中新集团,1.02
600559,老白干酒,1.0
603706,东方环宇,0.99
605388,均瑶健康,0.85
000623,吉林敖东,0.83
603387,基蛋生物,0.76
002053,云南能投,0.73
600509,天富能源,0.52
600199,金种子酒,0.37
603456,九洲药业,0.36
600388,龙净环保,0.34
002349,精华制药,0.29
600739,辽宁成大,0.09
002412,汉森制药,0.0
002007,华兰生物,-0.22
002858,力盛体育,-0.26
002826,易明医药,-0.28
000886,海南高速,-0.43
000407,胜利股份,-0.49
002180,纳思达,-0.53
002202,金风科技,-0.55
600133,东湖高新,-0.59
600692,亚通股份,-0.67
000655,金岭矿业,-0.72
002666,德联集团,-0.72
601101,昊华能源,-0.81
002698,博实股份,-0.88
600359,新农开发,-0.98
603105,芯能科技,-1.22
002365,永安药业,-1.23
002413,雷科防务,-1.53
002418,康盛股份,-1.57
601399,国机重装,-1.75
603339,四方科技,-1.96
603806,福斯特,-1.99
002849,威星智能,-2.08
003040,楚天龙,-4.05
603916,苏博特,-5.6
002194,武汉凡谷,-9.91
