code,name
000036,华联控股
000301,东方盛虹
000411,英特集团
000551,创元科技
000559,万向钱潮
000561,烽火电子
000582,北部湾港
000700,模塑科技
000936,华西股份
001217,华尔泰
002169,智光电气
002177,御银股份
002196,方正电机
002201,九鼎新材
002243,力合科创
002278,神开股份
002293,罗莱生活
002324,普利特
002347,泰尔股份
002361,神剑股份
002363,隆基机械
002367,康力电梯
002383,合众思壮
002465,海格通信
002493,荣盛石化
002560,通达股份
002571,德力股份
002763,汇洁股份
002969,嘉美包装
600179,安通控股
600230,沧州大化
600236,桂冠电力
600736,苏州高新
600784,鲁银投资
600795,国电电力
600838,上海九百
600843,上工申贝
600858,银座股份
600927,永安期货
600955,维远股份
601212,白银有色
601969,海南矿业
603028,赛福天
603123,翠微股份
603278,大业股份
603305,旭升集团
603311,金海高科
603458,勘设股份
603577,汇金通
603608,天创时尚
605007,五洲特纸
605069,正和生态
605167,利柏特
